"QuantosProjetosRecomendar";"successMean";"sdSuccessMean"
6;0.0590472992827707;0.142080495377941
12;0.0758448219095142;0.175350546563507
18;0.0887043405380558;0.210822305405082
