"QuantosProjetosRecomendar";"successMean";"sdSuccessMean";"failMean";"sdFailMean"
6;7.05128205128205;12.4328696732931;1.20512820512821;0.893823460123836
12;7.64102564102564;12.2656713496335;0.615384615384615;0.781879806868462
18;7.79487179487179;12.2177168320597;0.461538461538462;0.719874033065356
