"QuantosProjetosRecomendar";"successMean";"sdSuccessMean"
6;1.62319027299984;1.7274613370267
12;2.74525162882799;3.11961179247201
18;3.49318530877857;4.31146472989045
